# build-output golden. path	bytes	sha256 of normalised content
# only the volatiles named in NORMALISERS are normalised; nothing else is
client/.assetsignore	24	4f83140d5f4293ab55bd1207327e995c83258f1e7d3145b1b5d7a3d17fdfe0a7
client/404.html	49056	f5d948fdbe6a1bc0eb8454b9cce53afadc824d463d8e55ddafe37d156d083178
client/_astro/print.DFLl59D4.css	1287	019db3f3e31b33cf39c01a9119e2b502e584498b020c560325a618a840976bf9
client/_fonts/fraunces-italic-400-700.woff2	41608	b76cdeae9a57cbc0cda8f86a696d47df8e83d1c7de283611d649adcd2c797bba
client/_fonts/fraunces-italic.woff2	44900	7f36174bcc90fa25beece8fbbd8406d6d5475a1e69c676a8fefc73efc45b99df
client/_fonts/fraunces-normal-400-700.woff2	33432	a0f0ccfd95e209475c114b98d704f24f03382456b62ea325cafe81b9c545c459
client/_fonts/fraunces-normal.woff2	36164	b3ad8318cda034be587391962be957f8c1cd829fdcf7133dab0159fe7c6483fa
client/_fonts/jetbrains-400.woff2	21168	14425ba9c695763c1547f48a206b7aa60350a33ae23de09f0407877f3fcd89eb
client/_fonts/jetbrains-500.woff2	21832	cb182feeed4d798ff6961d3c79f7026279448fca0676438aaecb21f3fc39553a
client/_fonts/jetbrains-mono-400.woff2	8500	4239c4ad99ec5372661636f2e33155a0057211ca38966ea115a870aa6e43030f
client/_fonts/jetbrains-mono-500.woff2	8648	f702fef89f50b10d26b536465b9e032f45f3332716a529aef99e7c546322c159
client/_fonts/literata-italic.woff2	53728	ab198d6616c7cc966f26a4a5b28a3977dc47439640f09d9b3361226bd465c404
client/_fonts/literata-normal.woff2	52496	9adbeac5b167fe5ad6c49d9e29aa0c76e2f1bb3b46bf4ebf12a9eca7d3525384
client/_fonts/plex-sans-400.woff2	13896	e881d278a6926211baf1f0d879cabe26e8d8cc8138edbcb18d44d039857ba552
client/_fonts/plex-sans-500.woff2	14912	87b5e444dc2ae556369664ec67bafd48623e7f6a46f1e9792f4e47d73332e8a7
client/_fonts/plex-sans-600.woff2	14960	de8e1627ac96ed31713d99db7a51306db54a5dd5457a1bcf70c51c018903cfec
client/_headers	3920	962c29efed0d790f06914ba27f3b9c9534fc9882eb31c4b3ca947d2f093cbe27
client/about.html	119380	988a681f775bba9ac1774cbc745510fcf6a6f8545c317da5ee47f40ef9ce01ce
client/ai-automation-coos-bay.html	119438	52c7c56863ff4a90171647851b2eb7d56378c535951c1bfff7fc6a48f26871e8
client/app-development-bandon.html	119999	5ef516dc56567a2b52a18a58a071287e64e8f4a830d9de51796a8a607b991578
client/app-development-gold-beach.html	120009	a1190887139ecc16973e8d089d47145ce1404e1c6c2538a9ce3fdbeedbcd8b6b
client/audit.html	126398	c0a72b48a25e847b4947bd83635f5600b4e5354dcc7b883847b00e08961e882b
client/brandmark.svg	2585	8a24dfadb5a4e7786859c9be43dc63bd5c2122b90b325636860da8cd82f1aab4
client/brands/sogn-logo-full.png	52784	a41177eeb61cd7d08f67dfbaaa8b1e5e4518b52e604125ff6837a36a0daaa283
client/changelog.html	161019	114b933744ab74e424c4348ec1300c64f3d0b6d3f40df1b36a0d0d6640dddd4e
client/contact.html	124285	7ebf1dfabcca1c8c2d28caed557b86eb2e198fa33b83c3d9206608cfba816242
client/core-web-vitals-fix.html	119638	770f3abd443ef182528f02f0b99f92c362f4b70e4037101f838617130f58f05d
client/credits.html	104682	2b0220d4befa90751a7fc04aca9e872923897507a754c49c84af55e6b97c8fb7
client/faq.html	110441	5436471d883249da2e79022bed5eb80ef405423a5e91cfc2ef96ce02e0a765ba
client/favicon-w.svg	963	84876f0306f8dbe393c404550403da51736b1a47131502c62855caa43bddf75b
client/favicon.ico	12945	70cfa617e7c2f920a11063ef1c3e135727bb72ea537e3f4fd77a79c97c09f9d2
client/favicon.svg	749	2d7a310283d6f9cc753210d83224cd6db6348cb82a5536348884e5831d46203f
client/index.html	219102	a4ae9c0e275c9a490bfb5fafb5c977cbdaf34103e995e55ae3ecbd6545583ecd
client/insights.html	101170	5273da07303585a86877eb278536b21e38f9703d4f1f42f84de65bae50d67eb7
client/insights/coos-county-audit-1200.webp	149230	952cb2abf335d5964db89e3b50f926ff20f9ddc7f7b3af70a01292fba237e820
client/insights/coos-county-audit-800.webp	88490	31eb6ec136659b1ab1a6c534061d5b7d72805cbc4f310fe8e0777a97a6c0584b
client/insights/coos-county-website-audit.html	107564	1179f73171e2b9f5d928c651562ebedb86193236ab5257e9a5cfda433b782ad9
client/insights/rental-platforms-1200.webp	110270	abbc5376b9a174304c0c6b6542921a4c923d8bb2eb041b5183cde845873ed6f1
client/insights/rental-platforms-800.webp	66514	43592560d3683ffc45b08883314d4ce797f12d9627c0a319119695a571abe5d6
client/lamp.html	49268	9520f6cf88e2c988282a3c62620f48d4a7ebe6710140a8aef0605bf92deb85b2
client/llms.txt	2791	9cf412a4f19c58b4dadf6babd5c7da68be96110e23d8b8cd50051e96289ce86a
client/logo-design.html	119230	f6e9c4a4fb9926961afa4d0d81def892dd3ed53eb992406c9f2fe74536797e63
client/og-image.png	155744	90565b0876662ec9147bbf5c6c07a18abb1f0a29b19391864191ce9f9820273e
client/og-image.svg	3830	a8acb0c9bb2a56da5702b94189a7c21d5808925a779579c9fbdc95419f2bd219
client/photo/local/bay-birds-1600.webp	189744	e0b0557797dd9397e61970978f79c2af2700fa8a35b67a4036cdfc7cc8c75a96
client/photo/local/bay-birds-768.webp	49800	d8d82218c6168fee515f69cf110f49d10e95c2233cf4958f6e799a32525a5227
client/photo/local/beach-pebbles-480.webp	50886	ad72b19f79f3cc4eca9686c77ccdd150affde93ce279b269ca351e3267f6f893
client/photo/local/beach-pebbles-800.webp	109072	9bc035531765fed32e0bdf975c584b645d581293f9fd97e67f50bc662e5bed0d
client/photo/local/contact-sunset-wash-1600.webp	71296	803d910ea20555b1411cc26a5555972084faa8f4521d14d102eb0cbf1ea03dcc
client/photo/local/contact-sunset-wash-768.webp	25074	b007f6e9f41d70ddf80fdd36dbc50d1881794dae40c6826376b949fe75233f05
client/photo/local/cranberry-harvest-480.webp	44388	ca3579075bef8d604ce6833b94165679ae6d0a98cd107fcf88a85dd2675da541
client/photo/local/cranberry-harvest-800.webp	103982	4a619952eb8ba56e39b5d75f65db4c690a08625c6eaaa06ed7e8d48330578968
client/photo/local/dunes-sunset-1600.webp	171860	6713e03dcc52d8e34e36e55df5c7eb15473eae1138ff85c02f6d7fd0909fbb7c
client/photo/local/dunes-sunset-768.webp	53962	b9868627454ea88c8fbbccff051ecafd8547b339922fdbcf868a5ec5935f5ae5
client/photo/local/estuary-grass-1600.webp	393052	c61c1b73855650c96634e872e99f154c16a68351990ad0ff53900fb66f362f93
client/photo/local/estuary-grass-768.webp	89092	163f45f33487ee88099c67af37bf322ad6f2382e845a6270301bfc04d4a5bbd0
client/photo/local/facerock-sunset-1600.webp	204090	489690c3b689a98ecb111111db97351e43e5056432efee9abcdf79a74f23f58b
client/photo/local/facerock-sunset-768.webp	58606	548db5474b2a869c8da45902f735c7c54147cae9c77d3725d9a7bc13adc88dbb
client/photo/local/family-about-1120.webp	165982	60003aa58b518d9f1bb7d998cbfe1c37c12e7feb4e6893cefbdd5d35d89b7510
client/photo/local/family-about-560.webp	66860	44ca450f35d9a262fd06451495b8de6793c8099d5fcce196edf485c15462c6b3
client/photo/local/family-about-840.webp	117276	9ade04361b828f5e965010f1616629e5f86ca4078ee1b391803065a1ba7da0f5
client/photo/local/founder-desert-1120.webp	148556	1b9a6961db08607b82f285b7478e8a09f2f9b712b57f3e0007674699b1786bf2
client/photo/local/founder-desert-480.webp	40576	c95251739e39c13b953e442fca445e72bd44a78dac756a24dc260b0500a98159
client/photo/local/founder-desert-720.webp	83228	e08c068e7be6f5ef1088dd71b0adc73821c508f7ba60ae8c65090ad9d2b5a9f4
client/photo/local/golf-dunes-480.webp	21538	62153aeb503a59ee2022d1255c50d7586ec6786701eeec407eead00182caecdd
client/photo/local/golf-dunes-800.webp	53352	6dcf5033641e840c5adfde5d31c3f6282c2dfba1a6057cfed86407e2f076564a
client/photo/local/grass-coast-wash-1600.webp	230858	fc7b4d1a6518668779d2a196fb64cf68c258e2694652fe73fed6e37a7de6e8db
client/photo/local/grass-coast-wash-768.webp	80778	7217bee20be54675f573328fc076b2e0c0e643a00966c41167e027fcffab1b40
client/photo/local/home-coast-wash-1600.webp	82194	90200243cc20cf4bc7e399a0fbdf62f5b141fc7359358e7b29b33e50b87d3d02
client/photo/local/home-coast-wash-768.webp	27342	cf917a7963af3071a0b0159ce2cc01a7fbff5890029dcaa80cc886314e82b075
client/photo/local/oldtown-wash-1600.webp	245508	c8f94dfe678858c92ef0ae2a6624a3fe2e3ae8d5f3c9749cb1747bb3d6bed93a
client/photo/local/oldtown-wash-768.webp	63028	18330e591d8842295ebb03236120a109290aba22a84124d8d7f127c71288dc4a
client/photo/local/river-lighthouse-1600.webp	255120	84f8e5fda430d6ddbf133043052511e9e8c03c9bc3682d21036a2e8355379cc5
client/photo/local/river-lighthouse-768.webp	62406	7a6de8f79cd7f7adf62c872d89a1b92b2df3b325c51268a0e3876deb43e59a33
client/photo/local/rocky-cove-1600.webp	345906	b9716dfc32b34c3848921edd39d3353ebce56248fbf0604a12031ed46f6a6163
client/photo/local/rocky-cove-768.webp	72104	c60a5a8bc946c32a6dcb25586d36ed540fc6c8811829e68de54834c397961b67
client/photo/local/scenes/bandon-seastacks-1600.webp	260788	e10ead546f70cd1fe7725cfefa309382e90a2a400da8a778e561e90febf80204
client/photo/local/scenes/bandon-seastacks-768.webp	61012	8c4eb768014193d1f0079314cdccebf213845fdcfeaa9c70fe460c96a84c9171
client/photo/local/scenes/beach-bigsky-1600.webp	357548	90e51450325527c1f4741bf08aa0f33a4bbd5d5de1fb4b1f483009afb3dbd429
client/photo/local/scenes/beach-bigsky-768.webp	79624	00d016cc2decb4e35ef9170bcbba723783a67255ebe2d1e40f7dbdd87e274e0a
client/photo/local/scenes/beach-deck-1600.webp	164614	dc4dcc0e34b460beeb23d86df8eb0fd716e6c703feb355ef05432d19d5ad323a
client/photo/local/scenes/beach-deck-768.webp	44270	08d82d0a8ad912ce320cd6f720e88d6e09d98d76d38701014638d90fe53e1819
client/photo/local/scenes/beach-vista-1600.webp	337170	a2414b216f40721798744c2c99a60426e8055e8290e450054fce8e1a37f2ad62
client/photo/local/scenes/beach-vista-768.webp	74718	49a7d26815dcf64f47461fd52b053f1ec36f0978dcc9dd571f456f1c05c3a192
client/photo/local/scenes/bird-takeoff-1600.webp	171420	8e92f5c35db7927f9595b8f95ccabbae11b3088d34fe5bb99e3266b7a9adcbf8
client/photo/local/scenes/bird-takeoff-768.webp	67756	96fc172321dca8ecfb3f2a03c02c3ea09b22431b6cde3fe121c7835172b13d3a
client/photo/local/scenes/coast-overlook-1600.webp	229840	a17810b9848d433d4c344c3974581f086098e56653f928100699ef6d73a5cbf0
client/photo/local/scenes/coast-overlook-768.webp	60792	1eb0646f6361af93145624a08cb878ec322d270b65c8747613b014680ec6754d
client/photo/local/scenes/driftwood-rocks-1600.webp	620532	f6dc6c3a5902b3a1874e3930f4d810ee16153e7b7dc9022c67418953e5852e46
client/photo/local/scenes/driftwood-rocks-768.webp	170680	56e83045425d2ad1ced32192733dc1a1174407df081797a7f67dd1f7f2adaff5
client/photo/local/scenes/fire-sunset-1600.webp	97540	c152e3478bcf20a35a41db4edd538894d0f320fcf13f2f0692ff56a52b511488
client/photo/local/scenes/fire-sunset-768.webp	28944	d47c748f94d82b45f0561fd6ea01f0113e0c6ac04999fcdaedc553f6d0b8802e
client/photo/local/scenes/links-dusk-1600.webp	139574	0bc7ec8441e65975bf4fd74e3d4387a61347c496de1ed340b5d118ba588fea63
client/photo/local/scenes/links-dusk-768.webp	45430	12d37d1a07818555a65c1509c3366d23a98b45f3cb938ad5f9900febdd47cb0f
client/photo/local/scenes/overcast-beach-1600.webp	326510	a11dd1ae4bef139ce1811d4cacfc25c2ba548a79ea6fa5849221f0b344a501b5
client/photo/local/scenes/overcast-beach-768.webp	85862	be02a488c88077963b2cec86a86e68614bed41f18b7cd1f35f5ef874b966aaf7
client/photo/local/scenes/seastacks-gorse-1600.webp	393884	94a319bcb627e40dabd044f0ac45ee9b203b8125373544613d8c498d0bdaf9c0
client/photo/local/scenes/seastacks-gorse-768.webp	91376	95ab708744abb3821ba89fb1c8262ddb765aded620228b0b6aca81a7331bc2a4
client/photo/local/scenes/stacks-clouds-1600.webp	373876	abec113489cbca185c23dac3f26bebbbcd7f9fbde77d8986a0b2b5e6b5784731
client/photo/local/scenes/stacks-clouds-768.webp	74870	ac7f9404bdaa6665d33f43f93dce067eecd9160bb7cba1508e1d51f0e4d362f2
client/photo/local/scenes/sunset-reflection-1600.webp	126830	7701cd76b77e9efbfe426a95c2792ee08950b19931f10df9d1868c7b7d62bc1e
client/photo/local/scenes/sunset-reflection-768.webp	30372	74eca40aed0ecb0260f6665ffae1504eb6a5c5201f244327d753f4565bf24f86
client/photo/local/scenes/sunset-stacks-1600.webp	149086	b9e3eedf4079b5f66f913a6db61be5ef05c713b6d0dfc6e7fc21382843b85fea
client/photo/local/scenes/sunset-stacks-768.webp	48708	8fec97a57a92c043f4998d62869dd982258d1a2b55b42e50dcefd71d64a04170
client/photo/local/scenes/surf-pine-1600.webp	629966	f53943ee5f03f6fe1e9bfc445e7f9498fab07f35a2e6bc3b70f8224249c26833
client/photo/local/scenes/surf-pine-768.webp	139132	05619501a047d3a63fe33baff7e167bb9646a897f6bd3225e3741217e35920e2
client/photo/local/services-coast-wash-1600.webp	85882	e7972a97ae62cd73a8302db2689afac3db9b1322721bb1f65288408169ef27bf
client/photo/local/services-coast-wash-768.webp	26296	d6fcac43e2c1c456fc3d7d8ee527814cdce942d1c678be40eea6bc564ed5c19a
client/photo/local/towns/coos-bay-1600.webp	349564	5efa078ccec4af626bf6f28bc392c8317bd1d7dd01a2fad3a956a2da878b1e34
client/photo/local/towns/coos-bay-768.webp	110244	67d8152cb99c1b1220bee51e5b51fe6a38ed9a3d304e0c9a7b21fd8b608c2938
client/photo/local/towns/coquille-1600.webp	382456	ccc0048b7435f52934b99604e147cff0b194f95587407fd7fa6723cefc65432b
client/photo/local/towns/coquille-768.webp	89522	1385dd7c1a575eb423970c6d1a4da59b88a5d82e9df7db81f53909ff4507776d
client/photo/local/towns/gold-beach-1600.webp	233942	d66dd54ece751fb44692c651ab08c3e29985aacb5e4b411de3c03e9dfe35c396
client/photo/local/towns/gold-beach-768.webp	55804	9a4454a6aff072508df14643570ceee8369b3d6250952fe8300c43c931e8246a
client/photo/local/towns/myrtle-point-1600.webp	350618	3711a0178b7c8813e8e9f2c526a12908d631d5792847251c883daece100faa57
client/photo/local/towns/myrtle-point-768.webp	116592	b631084bd72ed4b9dce967d2bb3f469d2bd3be7e148a2c6a3efbf063546f94be
client/photo/local/towns/north-bend-1600.webp	110778	c30d47c0a6a16deafb73497fa9bf6e759705cc0bdfd297136664ee1611e6905f
client/photo/local/towns/north-bend-768.webp	30660	d0ecf19da235c10edec78695ee056ebced3b6bcf8588f7d372e2bd704f3c9bdf
client/photo/local/towns/port-orford-1600.webp	69794	a83b87d639aa426b45ed04529f5bd2f02e329bb9c64490c984b83fbb1c63f800
client/photo/local/towns/port-orford-768.webp	19834	6021455adc4b7d64df9a0568e244a54bf86e0725ae98536b48dc50e5d1cfbc84
client/photo/local/towns/reedsport-1600.webp	259964	055cbe464095f2f2042b19af54c4f824d2d191d13b8035070ce0e1aed609444a
client/photo/local/towns/reedsport-768.webp	90356	339337bf32ee4203ce4033f020aa4e5c2f5b5c548594a124749ce2c2089d5d7e
client/photo/preston-1120.webp	145584	7faa709874e39cf8880e2fcc3561b333cd981fd39710dd504578e7eacd71edf8
client/photo/preston-560.webp	50020	ae4568828a5a167b7eac64d068ca9eb75e7a3b6b4908c85a968d0575a795452c
client/photo/preston-840.webp	96268	de30551d2fc823dd25f78635ff993e7f10a6c3d5c9be15f0677857af4bdb3f36
client/pricing.html	113595	4dfb4662f4ac01bde47867f3e893f0bce2d7a05a7de78b67f1e7e6382f561539
client/privacy.html	64932	60b4bf726862e47e2b86a9632d5629bdaf77e93e9c4c083b37f06c9f84d4c86e
client/process.html	105342	4fca940f08d830c7ede037a8cebb50e008e4f6fccda923d2dacdf521617027fc
client/questionnaire.pdf	47371	1d36dd1f70c6677e4a1e6527550b70ed02ef8280bd0eb673d2a4a0285ce26c6f
client/robots.txt	226	dcc9f3662da975589c63ab244034940789bf2bb341e2e6a48fc5f790e591d381
client/services.html	137312	20bd4ddd4e5d2325ae0c97907e9a1f906e59792e15bc459ae1cb682e2b430df7
client/services/ai-automation.html	121743	8549a13c9e7e6b0650c432030132ebbd0f8ac22ca3cc95ee67e566135e0c5170
client/services/app-development.html	121772	bccf25fc1932c5c3ad9795863f1379da77495815f5dcce27bd1f054bc4c85aee
client/services/custom-software.html	121739	f34ba7cafa0dc871fb3c0e4495fc028647d65904698c09343513e0ccabf3e0fa
client/services/seo-performance.html	122554	db60b96d7840c5d3263862a48f2003dd6b78d9f917309f947a7653afe5f3e6aa
client/services/web-design.html	123232	9e380db6e3bf9d769e5346c00c8a148962cefd977ca87e15f9472d03d272e4c4
client/services/web-development.html	121671	b3d7e9289320016b66b00c540ee398052a22ff455ca2a44709b76e12954b0438
client/sitemap-0.xml	7566	594efe54000805d5f37ab2ac28668f417234c21e0fa588c681a1526563fa9a28
client/sitemap-index.xml	229	a366e8f2a565539f22fab0bf9bf0408e02e5c227ca913c31f87b8fe9d7f4cc04
client/terms.html	65355	a0f8616c7a4b9409b6a7ec728181e3c9e29b79a6da12a04cbfed7ca6b6162445
client/wall.html	131059	8b37640a480433c510537c41d29366ed85fea17f70cf9f46dc74565cfc58adc6
client/wc-logo-160.webp	7266	7287c57df4ee48975c0311f0ef2867ebcb148886bc8ec090b99dcd9aa90b7ff7
client/wc-logo-256.webp	14582	5f382a047ea323b85e8a2f42acb298d8a48da95e9ff4d2d1f2f627bad0a0a920
client/wc-logo-512.webp	26538	e5a6a1d62b2f073f3034828b30c96c32504645616b9a4ed8cda599027a8f7d74
client/wc-logo-96.webp	3642	7bb80f4cd84e2280c400c139e6f01e022d0cc5dca0cb937301532320a236fc8b
client/wc-stamp-128.png	3213	f97e09037abf6363cc5febd10e1810d35a2d93c2e8cdc343f95566129fe37835
client/wc-stamp-128.webp	3538	0a02580593d969c05a4daab51139b4b003d7a1830ba3da302886b06ddf46b820
client/wc-stamp-256.png	6664	aefb48ec6dd2a9e5952493db4abcb2eabe59968da9a0dc58b81c35b9c0fa4ea5
client/wc-stamp-256.webp	8590	93bd0819e438ef81d411ac0c6cd3b7546f55744fc57ecbab724afd2a621c9ccc
client/wc-stamp-32.png	1061	91e81dd4491723ea24dc33ff9547fc215e0e7adb137ffd78d5c05c3d1b69b6f1
client/wc-stamp-32.webp	1400	796e553fca195a1bd2e42b825b3e593786f76d876c1b9105312f4438e9771be6
client/wc-stamp-512.png	14997	3fc0e1bb8fceb22d1d7e7e49cdb55f80fa5f68009a66c1158e7029a92503740f
client/wc-stamp-512.webp	18750	424baadef0491ca88a34b1fce641bcb5323802b5a3df3d6ad0af85331d2144df
client/wc-stamp-64.png	1691	d4731aa2d971e7d5005792edf58b53c7ca04a15b61be8065de9a308435082ef1
client/wc-stamp-64.webp	4302	9385eee1087ab6c1a28892fa43ad5db212385cc547fab2b42be0b3cc7a83ef40
client/wc-stamp-full-128.webp	3936	b21f3940c9f7917f14e0012ce78abfd0ccbd569016c3410fbba2ac9ba5a71f29
client/wc-stamp-full-256.webp	10354	e0aa20a540079235d0f508fe75166e1fdf513fd869ce8c0e53ceb80f15d5cc57
client/wc-stamp-full-64.webp	1566	c2d6b69a5dfa9f2deea6cf0900e4bbd13a8b8f70d4a4fe27cb0caa717baa8b41
client/wc-stamp-full.png	635857	7f3b70dcd592cf7c53514f40524001ecb5073410d1d7ca756c8a52a1288d641d
client/wc-stamp-full.webp	77304	49c36360ae258207c3faeda29deee2a7cf13089aef48325a5bc0905429184347
client/wc-stamp.png	39108	a0cf19f982122fddc2e64ba23c3e8f116a0edff34aba0b56e28abbb5c292a64a
client/wc-stamp.webp	51318	95bae61351d6d9f777272174c56257e2b4fab47843080b9db41ed9115ce5959f
client/web-design-bandon.html	126925	82ece9d2e2c300908f4ebe405c333ebb6b1a75022bb5ffb79b2c3997d84df61b
client/web-design-coos-bay.html	128088	275e860da4f926f2d669b2bc10b8e9b24a115b08662a0819969f72bb4af81c10
client/web-design-coquille.html	125291	97293022a6015864677d73e8a7603115d48bac6fade01af2fd2e517e4c59e4cf
client/web-design-for-contractors.html	119761	483f53b96a20379a8ade624a62efd0e26d145c6a85604885ac3e836742edc546
client/web-design-for-real-estate.html	121039	7c869306f92841df29a2ec1caba7df417f018d17d48195d4d0d02084be02c7d9
client/web-design-for-restaurants.html	119699	b34ce9251d94b8e26e89d39ff00f45dbc3dfe2fc3a4173792c3f80ea577a04ce
client/web-design-gold-beach.html	126962	cd68279904e136ba02c46a77e9aee0f3cbf902f87f9f27ddae11a67744fa026f
client/web-design-myrtle-point.html	125331	8c555ad2a57243c8b8e0c528b74cc58415f935b8488051182c79dc94f2d62eef
client/web-design-north-bend.html	127787	bbf5c316e0dafddf92858e317761adde45a093c3daee6b1c0b1fd8709b30143b
client/web-design-port-orford.html	125476	53bce1abb3fa4babe1b6baa70847b988b47c4ebdee1ec0c4045b151d23163449
client/web-design-reedsport.html	125556	0a7627d4a792e42d8dd1cab7b7745163546e2efc67f62c37d0ca85290d826696
client/website-maintenance.html	119204	f37f01d37091f0409ce84fc9ae5d70ffce7b523555c034cd43fb5cd52516baaa
client/website-redesign.html	120868	9d7fb5ba6db0f7bbc3967eab51a539782b51234268cf0c759f3c4d054fc9c87b
client/wordmark.svg	1266	fc5f9d21d7bb70540f25a795328408ca6b3b15d7c205dc087555d32235996922
client/work.html	206270	ac8c655ca56a1df64a6e7e28c60da7f490362f252ade10570c60a1f549b6bdf9
client/work/bandon-by-the-dunes.html	116921	639cc863485469e7883b81c4a9c737f3f7e7806cae92f33202b51283037f1ff2
client/work/baseline-card-480.webp	4330	f8c517d3a1dde8911348982cd3f489c83f977ba5b1411dbcd78dd52d1ecdac89
client/work/baseline-card-720.webp	6846	0a8effe4e9f000637a42bded91293714faf560d42e56865be608affaf0661f8f
client/work/baseline-card.webp	12804	4bd7ff92407a084614fb54ebeae167f4ff1686820c14ca03643c8bc8f50a405e
client/work/baseline-marketing-card-480.webp	4244	7f0b628a95cfc840bb31f840d0935d8efc4c48d00a746cacd5e3ceddcad6765a
client/work/baseline-marketing-card-720.webp	7916	3eddc0b841b847b03c767737a05cb77b4a4085107292bdfbd183cc06e28d28fe
client/work/baseline-marketing-card.webp	14376	c43e94739028ba1c0268de228f1d7e31e8c0ad4f7d4c2702aef67438f94e350b
client/work/baseline-marketing.html	117002	6992b5c0f5381cf39c37bb5885a5c1e89d7e178025d72b1587ccaac7a3259378
client/work/baseline-poster.webp	29976	75f1a7f2b979dadac74d53b4ff7860729e3abc3e47c39e330ccea8271ac96ed8
client/work/bbtd-card-480.webp	8484	02d4c463eeb9fda65401cd794451da940df5018e8dcbdf7d3505002573b540fd
client/work/bbtd-card-720.webp	14380	9df15a64c2eb1062e3ea53f3329a4c23830f5abe652d6a19ac5f206ce4dd5a67
client/work/bbtd-card.webp	26028	6dc11b3a0066d1a3ee5c837f83944afa53883d91f7c092866181a9d260f75aa0
client/work/choplight-card-480.webp	3230	974b4f820c26b3b7f7d6ce63280a224b65a434f5299bf5a170f889cdd971f630
client/work/choplight-card-720.webp	5886	f2972638b21b4cefa8db5f5053b5be55474de2c309f9238c0e0c0c45e9652d3c
client/work/choplight-card.webp	12396	0fbddedadff9f889fd13c69934192def85d681ea2d607a04bf9232c42ff4b0cc
client/work/concept-builds-1600.webp	230894	5c1f34c20dfd2563e98966ce8070c13e6d06184521432ffcbe3758d5df2e7f5c
client/work/concept-builds-800.webp	139964	019639a909e02a6826d070b2851dddfd4489648d0ad66e4ee03363ab2c44bf08
client/work/demiurge-card-480.webp	4484	b8f4a863c3fd25ee0e54fdad26df289a38f4e93e2b780600a18be86fef2ed047
client/work/demiurge-card-720.webp	7386	e82359bed759497c9e5489140b27a666b7c3aa133b1767644a7375bf045512d7
client/work/demiurge-card.webp	14868	cb4f68b7d92f96574a528b75a8bea184909af9b801aff4859e2f38cb9c4532ce
client/work/golf-card-480.webp	10300	337a346532674016810d9db2f9bfc9dcf787b37f7962a9f36599053c15c63a1d
client/work/golf-card-720.webp	17018	9dcd473dff135dd2ca44be9e90865b50b4a027cddb0cb1572d8cd9e77eda8d48
client/work/golf-card.webp	29098	288a6609797248ad3f1db5027510c1468b8aa9e766fb2f7fe2fec635c2cb1c1b
client/work/graphic-work-1200.webp	273850	7caea8b63f7a5d14ea1e970b363e146e0e208157ac01869516921f95ddc6475b
client/work/graphic-work-1536.webp	394572	f393b190e424d76c90f1ef808d37ee34676bb834e67660d6cf203fa2d92fc5f2
client/work/graphic-work-480.webp	69532	0ce9aa98e12bf7bda5942277dc01aac691df064927c08e4d7d96c49f2062b8c8
client/work/graphic-work-800.webp	152696	d5246b042608ab907380120218d6d0c891dd45e22921f8223e7d3252156d616c
client/work/seabreeze-card-480.webp	10652	7da9eb1c74fdd55ca2ca449946f2d17a1b894483b46a323190d371c4ef0abac8
client/work/seabreeze-card-720.webp	17588	f69dc9d18bda69d4630adf5da57bbe767bd108cad0fee891db137a20ff937d65
client/work/seabreeze-card.webp	33406	4a8574afd7130f7631750e5866fdc8e00776dbe9c1eb95799e988da7430f65b0
client/work/seabreeze.html	116488	b6318d6f1d4ff27affc500f388a16a791f66352b68f228c5ab46ba14ebb76ce9
client/work/sogn-card-480.webp	23066	b6af1d282cbea1af0f17c80c40b2ff09c507ff4aa62bd7816186d6ad10ce9bad
client/work/sogn-card-720.webp	36724	3835062cfcf9eeec033651d419e1a7612b7380d4ca6e3b0c0c13c26d8016ae9d
client/work/sogn-card.png	118767	8c867088a8081809391ccedf679c8f4ba29fb51779850ba2e5b710ae6db6ea32
client/work/sogn-card.webp	53948	a9d21f27e01d472833c969681b10fe3a60bff865de090be4dcac27cd7dd269af
client/work/sogn-contracting.html	117227	dacd7412315afc8c9a8b7601cb01d94c3d06c314c25d94db3855577c3c5d604e
client/work/stainslayer-card-480.webp	10088	65855bfdb12a015a657d092b8c2d5ced03fd8431671d123186775a7b307ea287
client/work/stainslayer-card-720.webp	16730	42614019862b8fbee3ad7fefe529bacbda19757ca75a9818cf435b542b2a2cfd
client/work/stainslayer-card.webp	33660	18626066396b00ac181fed89ce73eaac533c1bb00a9420d847042ccbd7765fed
client/work/taylor-card-480.webp	16754	5184bea684e21c8aeebb45fdad7cf5354e745c099a4263ee75a438cfa8d0e65f
client/work/taylor-card-720.webp	27186	55276ab6d235f0d2d017b535d109c4303a3bb21ae0546ecfdc8f5fd869dab43f
client/work/taylor-card.webp	51756	bb8076390a131b9d7dabb7e6af797bbf4ae8ab526b07002469bcab65c170bfa5
server/.dev.vars	87	c93482b8ebc618cdd077efd955fe816a4d3ac737c20e8ecf65f21202f7c1a14c
server/chunks/_virtual_astro_server-island-manifest_q0HM18kM.mjs	275	a596d3effa0156fa3ea7fe930baaf7a01c50c737002b15e63ca5ed8211d8e80c
server/chunks/_virtual_astro_session-driver_TyipGO2P.mjs	2944	1d519eb46f6d3dfe837b55d6021e12f44ba8bbaa0f003f9e4a457d47c35bcc36
server/chunks/assets_D0vU-69o.mjs	84409	e6efaa95e1083db98844a05fbffa6144818b597d89650aadd9e500dc316c7c51
server/chunks/audit_DnB5DklB.mjs	23396	0c647cce5bdbb1d19ca5fb3212c944842d66e59d7bb8ed6ce4d6b06db9782de8
server/chunks/brief_Di8LnKf5.mjs	9236	51585de25b016f15879783fa6b8c897bdf0a960322774477f8e410d9c9b47782
server/chunks/chat_C0dCR87K.mjs	2829	27b003b623eeeed91a1c492be8b750cf6e2855dd9f8b30c79e856294af583f72
server/chunks/console_BZ0C4e6f.mjs	268658	2586c6468ee15fae5bb0eaa9cca16cd4f49e0d4b3699d7373c82e1980b35d05d
server/chunks/entrypoints_w8Vyizz8.mjs	311504	d00bd1f2aed986d8901eb599e86ff81b79cb53089fb531af373bb5c04af5a79b
server/chunks/image-binding-transform_Do2G6NoR.mjs	24820	c17b5582ccf3eab63dd6730990cf32f004ad3867fcf19044ff9e7825c72ef824
server/chunks/image-service-workerd_DSpGSS3E.mjs	437	fc8b8c3c37f39ba5bfaaae41aaeeddf82fb70c4f6b2a80478dfb889abc4de5bc
server/chunks/image-transform-endpoint_eZ0LWtLj.mjs	1307	ecc59e47341da6d27e2e1b30895a32576185dd3c38206e8fe23be12408abe664
server/chunks/ingest_KSkRC2Ac.mjs	3302	ab8e9d5fa80135eb9fae4485fb6093b294639ccc0c6176cb7dfe06cc364a20e5
server/chunks/leads_C0fVRyIq.mjs	1528	a9b82ff43f4aad92df183a195d11ffd7ca03ed3e5a94cca5f76fa4ddfd058d44
server/chunks/limit_iCxqVaSn.mjs	1469	782112dc648551640b8312460296166bd2f30afacc021d0674c7e8a210ba75c1
server/chunks/memories_BR0qvJWt.mjs	1535	564b9f1fc9a94a0c19efa890823604e3cfa71365e3455d2cb6434f5979b8f5b2
server/chunks/noop-entrypoint_BYLrzUxc.mjs	157	25ddd55a0e9b4ad19b42312beb1eec1349989da20b8f7298abbe36488a9b73cb
server/chunks/ratelimit_C-e8jKH3.mjs	2124	1e8ff82ba4a442912027d153d0bc46dcccf113ddb86520463d4a16e30919e68b
server/chunks/rolldown-runtime_D7vh-g_o.mjs	418	3dfc8f5573008981d79137f5c860e1c16e8572b01845b879bfc711d438942d67
server/chunks/static-image-collection_CnnpfqWe.mjs	2463	d6e4054b87003f4e1b8c1e5d4816f7ae7c611c59d7d7e849216cffdb81ca8d87
server/chunks/workshop_CvCh-oUN.mjs	19300	fff6490e410e00e002d8069f4abbff7ea06579eba806e182c6451f7b628985ee
server/entry.mjs	4827	924a843fb9042e1b091ba74651c0db2b501e90adee9b88f4a3bac5c18dd514c0
server/virtual_astro_middleware.mjs	158	2dcd21806c04f332f09b4387e108b9e2b0baeb0aef38866ca4969aacc90ea955
server/wrangler.json	1502	90676de1fe3f31b31c5bcf147e1cc27d0f9c7bfdd184dc6c127e5766d05b8b4c
